Workbook

Sheet داخلي
D1: بيانات العميل شهر 2 | J1: طريقة الدفع | N1: حساب الأوردر
B2: الحسابات | Q2: =SUBTOTAL(9,Q4:Q8) -> 0 | R2: =SUBTOTAL(9,'داخلي'!$R$4:$R$59) -> 275
A3: م | B3: التاريخ | C3: اسم المندوب | D3: اسم الراسل | E3: تليفون | F3: عنوان | G3: اسم المرسل اليه | H3: التليفون | I3: العنوان | J3: ف / كاش | K3: انستا | L3: نقدي | M3: أجل | N3: تمنه | O3: تم السداد | P3: توصيل2 | Q3: حساب المندوب | R3: صافي الشركة | S3: نيهال عبدالعزيز | T3: ليهم نقود | U3: صيانات وبنزين | V3: عليهم نقود
A4: 1 | B4: 46054 | C4: أبو عمار | D4: مني الخولي | F4: السلام | G4: المرور | H4: 0 | I4: 0 | M4: 35 | N4: 0 | O4: لا | P4: 35 | Q4: =V9244 | R4: ='داخلي'!$P4*25% -> 8.75 | S4: تروسيكل عم مسعد200
A5: 2 | B5: 46055 | C5: أبو عمار | D5: رضوي الخضري | F5: مساكن جامعه | I5: قولنجيل | L5: 45 | Q5: =V9245 | R5: ='داخلي'!$P5*25% -> 0 | S5: ومشوار 35
A6: 3 | B6: 46056 | C6: أبو عمار | D6: نورا برايا | E6: نتيجه ابنها | F6: حي الجامعه | G6: بيتها | H6: 0 | I6: الملك كامل | M6: 35+50رسوم | O6: لا | Q6: =V9246 | R6: ='داخلي'!$P6*25% -> 0
A7: 4 | B7: 46057 | C7: أبو عمار | D7: سماح سلامه | F7: الدراسات | I7: ش بورسعيد | L7: 35 | Q7: =V9247 | R7: ='داخلي'!$P7*25% -> 0
A8: 5 | B8: 46058 | C8: أبو عمار | D8: أسماء النجار | F8: ترب المسحيين | G8: أسماء النجار | L8: 40 | Q8: =V9248 | R8: ='داخلي'!$P8*25% -> 0
A9: 6 | B9: 46059 | C9: السيد | D9: د.اميره 1 | F9: الملك كامل | I9: مجمع المحاكم | K9: تم | N9: 35 | Q9: =V9249 | R9: ='داخلي'!$P9*25% -> 0 | S9: تروسيكل مسعد 300 | T9: الطيب 270 | U9: 50من خالد | V9: خصم250
A10: 7 | B10: 46060 | C10: السيد | D10: سماح سلامه مكتبه 2 | L10: 35 | Q10: =V9250 | R10: ='داخلي'!$P10*25% -> 0 | S10: مشواره 70 | V10: من السيد
A11: 8 | B11: 46061 | C11: السيد | D11: د.اميره 1 | F11: الملك كامل | I11: مجمع المحاكم | K11: تم | N11: 35 | Q11: =V9251 | R11: ='داخلي'!$P11*25% -> 0
A12: 9 | B12: 46062 | C12: السيد | D12: جرينتش خارجي | Q12: =V9252 | R12: ='داخلي'!$P12*25% -> 0
A13: 10 | B13: 46063 | C13: السيد | D13: سماح سلامه خارجي | O13: لا | Q13: =V9253 | R13: ='داخلي'!$P13*25% -> 0
A14: 11 | B14: 46064 | C14: السيد | Q14: =V9254 | R14: ='داخلي'!$P14*25% -> 0
A15: 12 | B15: 46065 | C15: السيد | D15: محمود سلطان | F15: محمود سلطان | I15: منيه سندوب | L15: 50 | O15: لا | Q15: =V9255 | R15: ='داخلي'!$P15*25% -> 0
A16: 13 | B16: 46066 | C16: السيد | D16: مني الخولي خارجي | O16: لا | Q16: =V9256 | R16: ='داخلي'!$P16*25% -> 0
A17: 14 | B17: 46067 | C17: عبود | D17: رحمه عميل نيو | G17: رحمه | P17: 35 | Q17: =V9257 | R17: ='داخلي'!$P17*25% -> 8.75
A18: 15 | B18: 46068 | C18: السيد | D18: هيفن خارجي | Q18: =V9258 | R18: ='داخلي'!$P18*25% -> 0
A19: 16 | B19: 46069 | C19: السيد | D19: الحاج اسامه | N19: 50 | O19: لا | Q19: =V9259 | R19: ='داخلي'!$P19*25% -> 0
A20: 17 | B20: 46070 | C20: السيد | O20: لا | Q20: =V9260 | R20: ='داخلي'!$P20*25% -> 0
A21: 18 | B21: 46071 | C21: السيد | D21: محمد ماني | L21: 35 | O21: لا | Q21: =V9261 | R21: ='داخلي'!$P21*25% -> 0
A22: 19 | B22: 46072 | C22: عبود | D22: اماني سنترال الجزيره | G22: العبور | P22: 30 | Q22: =V9262 | R22: ='داخلي'!$P22*25% -> 7.5 | T22: 270 ماني | V22: ماني عليه 30
A23: 20 | B23: 46073 | C23: عبود | D23: الحاج اسامه | F23: سندوب | P23: 40 | Q23: =V9263 | R23: ='داخلي'!$P23*25% -> 10 | V23: باقي حق مشوار طلخا
A24: 21 | B24: 46074 | C24: عبود | D24: الساعي | P24: 35 | Q24: =V9264 | R24: ='داخلي'!$P24*25% -> 8.75
A25: 22 | B25: 46075 | C25: عبود | Q25: =V9265 | R25: ='داخلي'!$P25*25% -> 0
A26: 23 | C26: السيد | D26: محمد ماني | M26: 270 | N26: 35 | Q26: =V9266 | R26: ='داخلي'!$P26*25% -> 0
A27: 24 | D27: محمد ماني | Q27: =V9267 | R27: ='داخلي'!$P27*25% -> 0
A28: 25 | C28: السيد | D28: ندي وجيه | M28: هتحول35 | Q28: =V9268 | R28: ='داخلي'!$P28*25% -> 0
A29: 26 | B29: 46054 | C29: خالد | D29: نهال عبدالعزيز | E29: فانوس | F29: شونه سندوب | G29: طفله57357 | M29: 0 | Q29: =V9269 | R29: ='داخلي'!$P29*25% -> 0
A30: 27 | B30: 46054 | E30: س | Q30: =V9270 | R30: ='داخلي'!$P30*25% -> 0
A31: 28 | B31: 46054 | C31: أبو عمار | D31: دكتوره اماني | F31: طلخا برج نوران | G31: ا.نهال | M31: 40 | O31: لا | Q31: =V9271 | R31: ='داخلي'!$P31*25% -> 0
A32: 29 | B32: 46054 | C32: أبو عمار | D32: سماح سلامه 2 | F32: الدرسات | I32: الأسواق | L32: 30 | Q32: =V9272 | R32: ='داخلي'!$P32*25% -> 0
A33: 30 | B33: 46054 | C33: أبو عمار | D33: ميرو ستور 1 | L33: 35 | Q33: =V9273 | R33: ='داخلي'!$P33*25% -> 0
A34: 31 | C34: أبو عمار | D34: هاله | K34: 40 | O34: نعم | Q34: =V9274 | R34: ='داخلي'!$P34*25% -> 0
A35: 32 | B35: 46054 | C35: أبو عمار | D35: ثلاجه نهال | M35: 50 | O35: لا | Q35: =V9275 | R35: ='داخلي'!$P35*25% -> 0
A36: 33 | B36: 46054 | C36: أبو عمار | D36: ام باسم | I36: طلخا | L36: 40 | Q36: =V9276 | R36: ='داخلي'!$P36*25% -> 0
A37: 34 | B37: 46054 | C37: أبو عمار | Q37: =V9277 | R37: ='داخلي'!$P37*25% -> 0
A38: 35 | C38: أبو عمار | E38: توتال 175 ج | F38: توتال صافي شغال425 | Q38: 320
A39: 36 | B39: 46054 | Q39: =V9279 | R39: 105
A40: 37 | B40: 46054 | Q40: =V9280 | R40: ='داخلي'!$P40*25% -> 0
B41: 46054 | Q41: =V9281 | R41: ='داخلي'!$P41*25% -> 0
B42: 46054 | Q42: =V9282 | R42: ='داخلي'!$P42*25% -> 0
B43: 46054 | Q43: =V9283
B44: 46055 | C44: أبو عمار | D44: السيد الزهيري | L44: 35 | Q44: =V9284 | R44: ='داخلي'!$P44*25% -> 0
B45: 46054 | Q45: =V9285 | R45: ='داخلي'!$P45*25% -> 0
B46: 46054 | Q46: =V9286 | R46: ='داخلي'!$P46*25% -> 0
B47: 46054 | Q47: =V9287 | R47: ='داخلي'!$P47*25% -> 0
B48: 46054 | Q48: =V9288 | R48: ='داخلي'!$P48*25% -> 0
B49: 46054 | Q49: =V9289 | R49: ='داخلي'!$P49*25% -> 0
Q50: =V9290 | R50: ='داخلي'!$P50*25% -> 0
A51: 23 | C51: عبود | D51: الصعيدي | P51: 35 | Q51: =V9291 | R51: ='داخلي'!$P51*25% -> 8.75
A52: 24 | C52: عبود | D52: هاله | K52: 35 | Q52: =V9292 | R52: ='داخلي'!$P52*25% -> 0
A53: 25 | C53: عبود | D53: هاله2 | K53: 35 | Q53: =V9293 | R53: ='داخلي'!$P53*25% -> 0
A54: 26 | C54: عبود | D54: سماح سلامه مكتبه 2 | P54: 35 | Q54: =V9294 | R54: ='داخلي'!$P54*25% -> 8.75
A55: 27 | D55: كات ليدي | N55: 500 | O55: لا | P55: 35 | Q55: =V9295 | R55: ='داخلي'!$P55*25% -> 8.75
A56: 28 | D56: ماني | F56: الصدر | I56: الموقف الجديد | P56: 40 | Q56: =V9296 | R56: ='داخلي'!$P56*25% -> 10
H57: توتال 785 | I57: توتال شغال 355 | Q57: =V9297 | R57: ='داخلي'!$P57*25% -> 0
I58: قبض265 | Q58: 265 | R58: 90
C59: السيد | Q59: =V9299 | R59: ='داخلي'!$P59*25% -> 0
B61: ياسمين سمير | C61: السنبلاوين برهمطوش | D61: 1099436915 | F61: السنبلاوين | G61: الدقهلية | H61: 380
B62: بسمه انور | C62: ميت محمود طريق طناح محل حلواني فاضل علي البحر مسجد البحر | D62: 1274451258 | F62: الدقهلية | G62: الدقهلية | H62: 355
B63: هدي الشاعر | C63: دكرنس ش البسطويسي جمب محل العشري للحام | D63: 1023101929 | F63: دكرنس | G63: الدقهلية | H63: 90
B64: بدون | C64: السنبلاوين حي النخيل عند توكيل فودافون جمب ماركت خير ذاد | D64: 1067140601 | F64: السنبلاوين | G64: الدقهلية | H64: 600
B65: زينب الخطيب | C65: طنامل الشرقي عزبه الاتريه بجوار السنترال صيدليه دكتوره زينب الخطيب | D65: 1030670935 | F65: اجا | G65: الدقهلية | H65: 505

Sheet خالد
A1: م | B1: التاريخ | C1: اليوم | D1: اسم المندوب | E1: اسم الراسل | F1: حساب الاوردر | G1: ملاحظات
A2: 1 | B2: 46082 | C2: الأحد | D2: خالد | E2: شيماء سليمان | F2: 560+35 | G2: .
A3: 2 | E3: الفتح | F3: عليه مشوار بوسطه 35
A4: 3 | E4: سينيه 35 | F4: داخلي
A5: 4 | E5: العصير -200 بودي
A6: 5 | E6: اظرف مكتبه لنهال | F6: 160- وعليها مشوار | G6: نهال عبدالعزيز
A7: 6 | E7: -160 بلبن ايهاب البوب
A8: 7 | E8: -50بنزين
A9: 8 | E9: -عرق سوس 25
A10: 9
A11: 10
A12: 11
A13: 12
A14: 13
A15: 14
A16: 15
E17: عهدة
E18: توتال | F18: 400
E19: الشغل
E20: القبض | F20: 250
E21: الصافي | F21: 150
A23: م | B23: التاريخ | C23: اليوم | D23: اسم المندوب | E23: اسم الراسل | F23: حساب الاوردر | G23: ملاحظات
A24: 1 | B24: 46083 | C24: الاثنين | E24: نيهال عبدالعزيز | F24: لنهي
A25: 2 | E25: شركه الميه دكتور سمير | F25: -100ج | G25: و50 مشوار حولت
A26: 3 | F26: نيهال عبدالعزيز
A27: 4 | E27: كارما والمقدم ووئام والتحصيل | F27: سماح سلامه
A28: 5 | E28: الادويه2 | F28: 500+35 اتحوال ليا | G28: 250+35
A29: 6 | E29: البراق نيهال | G29: نيهال عبدالعزيز
A30: 7 | E30: ياسمين قناه السويس | F30: 35
A31: 8 | E31: اخت نورا برايا | F31: الموقف | G31: عليها 35 توصيل ابنها بالوجبات
A32: 9 | E32: المقدم | F32: 45
A33: 10 | E33: كارما | F33: 40
A34: 11 | E34: اسماء النجار 3
A35: 12
A36: 13
A37: 14
A38: 15
E39: عهدة-50 بنزين
E40: توتال | F40: 255
E41: الشغل
E42: القبض | F42: 250
E43: الصافي | F43: 5
A45: م | B45: التاريخ | C45: اليوم | D45: اسم المندوب | E45: اسم الراسل | F45: حساب الاوردر | G45: ملاحظات
A46: 1 | B46: 46084 | C46: الثلاثاء | E46: نهال عبدالعزيز | F46: احمد ماهر السكر | G46: ل عزه
A47: 2 | E47: نهال عبدالعزيز | F47: فرارجي عليها 35 | G47: المشتريات ل محمد الدراسات 185+ 500 مشتريات رز و صلصة+50 رز
A48: 3 | E48: ................................................................................................................................................. | F48: الحاج رفعت ملابس | G48: عليها 50
A49: 4 | E49: سينيه | F49: دمياط -50
A50: 5 | E50: كفاله الاسيوطي | F50: ساميه الجمل وكيك بوب لابيرل ومبارك
A51: 6 | E51: اسماء النجار ل ابوها | F51: 60
A52: 7 | E52: نهال عبدالعزيز | F52: -60 | G52: العصير
A53: 8 | E53: يسري العدوي | F53: حولت 35
A54: 9 | E54: اسماء النجار عبير | F54: 35
A55: 10 | E55: سينيه | F55: 45 طلخا +3600
A56: 11 | E56: مني الخولي | F56: كانت محوله 35
A57: 12 | E57: نهال عبدالعزيز | F57: الاطعام 9
A58: 13 | E58: الفراخ الجمل | F58: 40
A59: 14
A60: 15
E61: عهدة | F61: -395
E62: توتال | F62: 180
E63: الشغل
E64: القبض | F64: 250
E65: الصافي | F65: ليك 515
A66: م | B66: التاريخ | C66: اليوم | D66: اسم المندوب | E66: اسم الراسل | F66: حساب الاوردر | G66: ملاحظات
A67: 1 | B67: 46085 | C67: الأربعاء | D67: خالد | E67: شيماء سليمان | F67: 35
A68: 2 | F68: 300+35
A69: 3 | E69: شريف نظارات | F69: 35
A70: 4 | E70: د.اميره | G70: هتحول عليها 35
A71: 5 | E71: نفين ايمن | F71: 105
A72: 6 | E72: مها سنتر النيل | F72: 260+35
A73: 7 | E73: الفتح خارجي
A74: 8 | E74: -30ابو حبيبه | G74: قبض
A75: 9 | E75: الجلاء خارجي
A76: 10 | E76: شيخ شريف خارجي
A77: 11 | E77: ادهم خارجي
A78: 12 | E78: -50 بنزين
A79: 13 | E79: -1000فرق سحب | G79: ا\نيهال عبدالعزيز
A80: 14
A81: 15
E82: عهدة
E83: توتال | F83: -725
E84: الشغل
E85: القبض | F85: 250
E86: الصافي | F86: -555
A87: م | B87: التاريخ | C87: اليوم | D87: اسم المندوب | E87: اسم الراسل | F87: حساب الاوردر | G87: ملاحظات
A88: 1 | B88: 46086 | C88: الخميس | D88: خالد | E88: نيهال عبدالعزيز | F88: الكمون عطاره النقيطي -175 | G88: العصير لندي اختها بمعرفتها نيهال عبدالعزيز
A89: 2 | B89: 46086 | C89: الخميس | D89: خالد | E89: كفالة حنان
A90: 3 | B90: 46086 | C90: الخميس | D90: خالد | E90: ظرف توريل نيهال عبدالعزيز | G90: نيهال عبدالعزيز
A91: 4 | B91: 46086 | C91: الخميس | D91: خالد | E91: فاتن -1200 من عبدو | F91: نيهال عبدالعزيز | G91: نيهال عبدالعزيز
A92: 5 | B92: 46086 | C92: الخميس | D92: خالد | E92: عم طارق -1000 من عبدو | F92: نيهال عبدالعزيز | G92: نيهال عبدالعزيز
A93: 6 | B93: 46086 | C93: الخميس | D93: خالد | E93: الفتح ل موقف سندوب | F93: رشاااااااااااااااا | G93: لفتح عليه مشوار 40 ج ل سواق تفاهنا
A94: 7 | B94: 46086 | C94: الخميس | D94: خالد | E94: حنان داخلي | F94: 35
A95: 8 | B95: 46086 | C95: الخميس | D95: خالد | E95: عصير نهال لندي | F95: -360
A96: 9 | B96: 46086 | C96: الخميس | D96: خالد | E96: سماح سلامة 1 خارجي
A97: 10 | B97: 46086 | C97: الخميس | D97: خالد | E97: 1 بينفوتي خارجي
A98: 11 | B98: 46086 | C98: الخميس | D98: خالد | E98: الفتح خارجي 1
A99: 12 | B99: 46086 | C99: الخميس | D99: خالد | E99: عصر نهال لنهي | F99: 310 | G99: عبدو الي دفع وراح المشوار دا
A100: 13 | B100: 46086 | C100: الخميس | D100: خالد | E100: عهدة ابو حبيبة | F100: -400
A101: 14 | B101: 46086 | C101: الخميس | D101: خالد | E101: اوردر الطميهي خارجي 100 ج | F101: تم دفع تمن شحن الخارجي بيلا الشرقية
A102: 15 | B102: 46086 | C102: الخميس | D102: خالد | E102: ابرار خشبة | F102: 2280+35
...

Sheet عمر البربري
A1: حسابات شهر ( 3 )
A2: م | B2: التاريخ | C2: اليوم | D2: اسم المندوب | E2: اسم الراسل | F2: حساب الاوردر | G2: ملاحظات
A3: 1 | B3: 46083 | C3: الاثنين | D3: عمر البربري | E3: بلال فودة | F3: 35
A4: 2 | E4: حسن عبدالحفيظ | F4: 2×35=70
A5: 3 | E5: عبود | F5: -200
A6: 4 | E6: عهدة | F6: 600
A7: 5 | E7: اجمالي | F7: =35+70-200+600 -> 505
A8: 6 | E8: بنزين | F8: 30
A9: 7 | E9: بنزين | F9: 30
A10: 8 | E10: محمود الجمال | F10: 45
A11: 9 | E11: اجمالي | F11: =505-30-30+45 -> 490
A12: 10 | E12: معايا | F12: 200
A13: 11 | E13: باقي عليا | F13: 290
A14: 13 | E14: مشوار رشا | F14: 35
A15: 14 | E15: مشوار ام سيف لنهال | F15: 35
A16: 15 | E16: اجمالي التوصيل | F16: =35+70+45+70 -> 220
E17: قبض | F17: =F16*75/100 -> 165 | G17: عبدو له 360
A23: م | B23: التاريخ | C23: اليوم | D23: اسم المندوب | E23: اسم الراسل | F23: حساب الاوردر | G23: ملاحظات
A24: 1 | B24: 46084 | C24: الثلاثاء | D24: عمر البربري | E24: عصير نهال | F24: -330وعبدالرحمن 140
A25: 2 | E25: اميز | F25: 50
A26: 3 | E26: من الدمياطي 2 رز جمبري | F26: 50
A27: 4 | E27: عهدة جديد | F27: 500+50
A28: 5 | D28: 35 | E28: نورا برايا ل البرامات | F28: -250 | G28: علليها توصيل وعليها تمن البرامات 250
A29: 6 | D29: 70 | E29: نورا برايا ل الاستاد ب معاذ | F29: عليها مشوار رايح جاي مع انتظار لمدة 20 ديقيقة
A30: 7 | D30: 35 | E30: نورا برايا اللبن | F30: مكنش في لبن عند الراجل بس عليها مشوار
A31: 8 | D31: 80 | E31: نورا برايا | F31: -490 من ملفوف وعليها مشوار رايح جاي
A32: 9
A33: 10 | E33: بنزين | F33: -20
A34: 13 | E34: باقي 215 | F34: =490-330-140+50+50+550-250-490+305-20 -> 215
A35: 14 | E35: معايا | F35: 0
A36: 15 | E36: عليا | F36: 215
E37: قبض 100+165 من اليوم الي قبله | F37: 265 اجمالي
E38: نورا برايا 6 | F38: دا حسابي بدون حساب اوردرات نورا برايا
E39: انت ليك 220
E40: توتال شغل 355 | F40: قبض 270
E41: انت ليك 490
A43: م | B43: التاريخ | C43: اليوم | D43: اسم المندوب | E43: اسم الراسل | F43: حساب الاوردر | G43: ملاحظات
A44: 1 | B44: 46085 | C44: الأربعاء | D44: عمر البربري | E44: انت ليك 490
A45: 2 | D45: عمر البربري
A46: 3 | D46: عمر البربري
A47: 4 | D47: عمر البربري
A48: 5 | D48: عمر البربري | E48: خدت 400 من ابو حبيبه
A49: 6 | D49: عمر البربري | E49: دفعت 40 تمن كورة سيليا
A50: 7
A51: 8
A52: 9 | E52: ليك يا عمر يا بربري 130 ج
A57: م | B57: التاريخ | C57: اليوم | D57: اسم المندوب | E57: اسم الراسل | F57: حساب الاوردر | G57: ملاحظات
A58: 1
A60: م | B60: التاريخ | C60: اليوم | D60: اسم المندوب | E60: اسم الراسل | F60: حساب الاوردر | G60: ملاحظات
A61: 1 | B61: 46091 | C61: الثلاثاء | D61: عمر | E61: نهال عبدالعزيز | F61: 5توزيع
A62: 2 | E62: نهال عبدالعزيز | F62: البطه لبيتها
A63: 3 | E63: حسن عبدالحفيظ | F63: 35
A64: 4 | E64: 2 هايدي قناة السويس | F64: 70
A65: 5 | E65: 3 شيماء سليمان | F65: 300+35+150+35+135+35
A66: 6 | E66: ظرف توريل نهال وفيه 2000 | F66: عليها 35
A67: 7
A68: 8 | E68: من نهال لمدام نبيله رايح جاي | F68: عليها 70
A69: 9
E70: عهدة | F70: 400
E71: توتال | F71: =400+35+70+300+35+150+35+135+35 -> 1195
E72: الشغل | F72: =150+35+35+70+105+35+70 -> 500
E73: القبض | F73: =500*75/100 -> 375
E74: الصافي | F74: =F71-F73 -> 820
E76: اخدت 815 من السيد | F76: =F75+815 -> 815 | G76: معاك 1500
A77: م | B77: التاريخ | C77: اليوم | D77: اسم المندوب | E77: اسم الراسل | F77: حساب الاوردر
A78: 1 | B78: 46092 | C78: الأربعاء | E78: الشادر نيهال عبدالعزيز | F78: عليها مشوارين | G78: كرتونتين للمخزن الصوصات
A79: 2 | E79: اسماء النجار | F79: 6
E80: عهدة | F80: 1500
E81: توتال
E82: الشغل | F82: 280
E83: القبض | F83: 210
E84: الصافي
F85: -30 فلتر بنزين -35 ال3 رؤس
E86: باقي لعمر | F86: =170+65 -> 235
E87: ومعايا 240 تصفيه خالد | F87: يوم الخميس
F89: معاك 1465
A91: م | B91: التاريخ | C91: اليوم | D91: اسم المندوب | E91: اسم الراسل | F91: حساب الاوردر | G91: ملاحظات
A92: 1 | B92: 46094 | C92: الجمعه | D92: عمر البربري | E92: 4 اطعام نهال
A93: 2 | E93: اطعام محمد الشربيني ميت بدر | F93: 80
A94: 3 | E94: مشوار ثقه | F94: عليها 35 تم التحويل لعبدو
A95: 4 | E95: من النخله لاحمد ماهر | F95: 35
A96: 5 | E96: 2 شي اونلي | F96: 70
A97: 6 | E97: 4 اسماء النجار | F97: 200
A98: 7 | E98: 9 ايه ستور | F98: 35×9=315 | G98: كنت استلمت 11 وحاسبتها علي كلو600-350
A99: 8 | E99: 430+50 مع يوسف -50 ليوسف -70-80-15 واخدت منه 265
A100: 9 | E100: حساب خالد كان 240 من اليوم الي قبله وخدتهم مكان 235 بتوعي
A101: 10 | E101: 5000+170 من عبود
A102: 11 | E102: نيو بيبي نبروة | F102: 90 توصيل
A103: 12 | E103: سينيه نشا | F103: 7870+120
A104: 13 | E104: سينيه نبروة | F104: 2720+90
E105: عهدة
E106: توتال | F106: 16075
E107: الشغل | F107: 1155
E108: القبض | F108: 865
E109: الصافي | F109: =F106-F108 -> 15210
A110: م | B110: التاريخ | C110: اليوم | D110: اسم المندوب | E110: اسم الراسل | F110: حساب الاوردر | G110: ملاحظات
A111: 1 | B111: 46096 | C111: الأحد | E111: اوردر لبلال فودة | F111: حول 1500 +50 توصيل لعمر كاش
A112: 2 | E112: نفين ايمن | F112: عليها 500 ومشوار 40 عليها
A113: 3 | E113: نورا برايا اطعام حي الجامعه | F113: 30
A114: 4 | E114: دفعت 50 معسل لعبدو
...

Sheet عبود
A1: 0
A2: م | B2: التاريخ | C2: اليوم | D2: اسم المندوب | E2: اسم الراسل | F2: حساب الاوردر | G2: ملاحظات
A3: 1 | B3: 46025 | C3: الأحد | F3: ومعاه 335
A4: 2 | E4: لينك | F4: 30
A5: 3 | E5: حسن عبدالحفيظ | F5: 35+35
A6: 4 | E6: جي ار | F6: 35
A7: 5 | E7: سماح سلامه | F7: 30
A8: 6 | E8: ظرف نهال 3 واتس واحد | F8: وصلها
A9: 7 | E9: دونتس | F9: 35 و20 قديمه
A10: 8 | E10: حمدي مجمع المحاكم ت نيهال | F10: ام ليالي وام ابراهيم | G10: نيهال عبدالعزيز
A11: 9 | E11: محمد وجيه ادويه | F11: 1100+35+500+35
A12: 10
A13: 11
A14: 12
A15: 13
A16: 14
A17: 15
E18: عهدة | F18: 335
E19: توتال | F19: 2225
E20: الشغل | F20: 375
E21: القبض | F21: 280
E22: الصافي | F22: 1945
A24: م | B24: التاريخ | C24: اليوم | D24: اسم المندوب | E24: اسم الراسل | F24: حساب الاوردر | G24: ملاحظات
A25: 1 | B25: 46056 | C25: الاثنين | E25: وسا م | F25: -125وعليها 40 | G25: عليه100
A26: 2 | E26: اسماء النجار 2 | F26: عيها 70
A27: 3 | E27: نورا برايا | F27: الموقف عليها 35
A28: 4 | E28: سوق الخواجات | F28: 50
A29: 5 | E29: المطافي الضحي | F29: حولت 35
A30: 6 | E30: بساط ادويه | F30: 1200+100
A31: 7
A32: 8
A33: 9
A34: 10
A35: 11
A36: 12
A37: 13
A38: 14
A39: 15
E40: عهده 500+200
E41: توتال1925
E42: شغل320
E43: القبض240
E44: الصافي1685
A46: م | B46: التاريخ | C46: اليوم | D46: اسم المندوب | E46: اسم الراسل | F46: حساب الاوردر | G46: ملاحظات
A47: 1 | B47: 46084 | C47: الثلاثاء | E47: نهال عبدالعزيز | F47: 9 | G47: الاطعام
A48: 2 | C48: هنا | E48: اظرف نهال المجمعه | F48: -25صودا بسيوني
A49: 3
A50: 4
A51: 5
A52: 6
A53: 7
A54: 8
A55: 9
A56: 10
A57: 11
A58: 12
A59: 13
A60: 14
A61: 15
E62: عهدة100
E63: توتال
E64: الشغل350
E65: القبض260
E66: الصافي
A67: م | B67: التاريخ | C67: اليوم | D67: اسم المندوب | E67: اسم الراسل | F67: حساب الاوردر | G67: ملاحظات
A68: 1 | B68: 46085 | D68: عبود | E68: 3 شيماء سليمان | F68: 100+30 , 320+35 , توصيل مجاني | G68: توصيل مجاني عليها 35
A69: 2 | D69: عبود | E69: مارسيليا | F69: بدون توصيل | G69: 35 لم تدفع توصيل
A70: 3 | E70: مقدم محمد بكر | G70: 60 هيحول لعبدو
A71: 4 | E71: اميز | F71: 50
A72: 5 | E72: مارسيليا | F72: 60
A73: 6
A74: 7 | F74: إجمالي | G74: =100+30+320+35+50+60 -> 595
A75: 8 | F75: قبض | G75: =30+35+35+35+60+50+60*75/100 -> 290
A76: 9 | F76: باقي | G76: =G74-G75 -> 305
A77: 10
A78: 11
A79: 12
A80: 13
A81: 14
A82: 15
E83: عهدة100
E84: توتال
E85: الشغل350
E86: القبض260
E87: الصافي
A88: م | B88: التاريخ | C88: اليوم | D88: اسم المندوب | E88: اسم الراسل | F88: حساب الاوردر | G88: ملاحظات
A89: 1 | B89: 46086 | C89: الأربعاء | D89: عبود | E89: 6 اطعام
A90: 2 | E90: ام مريم | F90: 50
A91: 3 | E91: كات ليدي | F91: 35
A92: 4 | E92: نورا برايا | F92: -525 وعليها 35 مشوار | G92: اوردر التفاح 7 كيلو تفاح الكيلو 75 ج
A93: 5 | E93: ام حنان تبع نهال
A94: 6 | E94: سينيه ميت الكرما | F94: 3640+100
A95: 7
A96: 8
A97: 9
A98: 10
A99: 11
A100: 12
A101: 13
A102: 14
...

Sheet ابو عمار
A1: حسابات شهر ( 3 )
A2: م | B2: التاريخ | C2: اليوم | D2: اسم المندوب | E2: اسم الراسل | F2: حساب الاوردر | G2: ملاحظات
A3: 1 | B3: 46082 | C3: الأحد | D3: ابو عمار | E3: الوجبه للخواجات | F3: 50
A4: 2 | E4: المقدم محمد بكري | F4: 40
A5: 3 | E5: شاوة بنفنوتي | F5: 90
A6: 4 | E6: لينك | F6: 50
A7: 5 | E7: ام باسم | F7: 385+40
A8: 6
A9: 7
A10: 8
A11: 9
A12: 10
A13: 11
A14: 12
A15: 13
A16: 14
A17: 15
E18: عهدة
E19: توتال655
E20: الشغل 270
E21: 205
E22: الصافي450
A24: م | B24: التاريخ | C24: اليوم | D24: اسم المندوب | E24: اسم الراسل | F24: حساب الاوردر | G24: ملاحظات
A25: 1 | B25: 46083 | C25: الاثنين | D25: ابو عمار | E25: الحاج اسامه | F25: 40
A26: 2 | D26: ابو عمار | E26: الفراخ الجمل 2 | F26: 80
A27: 3 | D27: ابو عمار | E27: الخضري | F27: 40
A28: 4 | D28: ابو عمار | E28: هند عاشور | F28: 35
A29: 5 | D29: ابو عمار | E29: تيته | F29: 40
A30: 6 | D30: ابو عمار | E30: الاوتبيس الجديد | F30: امال 35
A31: 7 | D31: ابو عمار | E31: اسماء النجار | F31: 50
A32: 8 | D32: ابو عمار | E32: سكه سندوب | F32: 40
A33: 9 | D33: ابو عمار | E33: الشيخ شريف | F33: الهديه 40 عليه
A34: 10 | D34: ابو عمار | E34: دونتس | F34: 30
A35: 11
A36: 12
A37: 13
A38: 14
A39: 15
E40: عهدة500
E41: توتال890
E42: الشغل
E43: القبض325
E44: الصافي560
A46: م | B46: التاريخ | C46: اليوم | D46: اسم المندوب | E46: اسم الراسل | F46: حساب الاوردر | G46: ملاحظات
A47: 1 | B47: 46084 | C47: الثلاثاء | E47: الاطعام | F47: 5
A48: 2 | E48: اسماء النجار | F48: 50
A49: 3 | E49: جايلان | F49: 40
A50: 4 | E50: حماه نيهال | F50: نيهال عبدالعزيز
A51: 5 | E51: دمياط | F51: 75 خارجي
A52: 6 | E52: كوريان هاوس | F52: 50
A53: 7
A54: 8
A55: 9
A56: 10
A57: 11
A58: 12
A59: 13
A60: 14
A61: 15
E62: عهدة600
E63: توتال740
E64: الشغل 400
E65: القبض300
E66: الصافي440
A68: م | B68: التاريخ | C68: اليوم | D68: اسم المندوب | E68: اسم الراسل | F68: حساب الاوردر | G68: ملاحظات
A69: 1 | B69: 46085 | C69: الأربعاء | D69: ابوعمار | E69: الحاج اسامه | F69: 40
A70: 2 | E70: شيماء سليمان | F70: نسمه 35
A71: 3 | F71: نرمين مجدي290+35
A72: 4 | E72: ساره اسماعيل | F72: 50 | G72: متحول
A73: 5 | E73: نورا برايا | F73: 50
A74: 6 | E74: كات ليدي | F74: 40
A75: 7 | E75: محمد الجمل | F75: 160+40
A76: 8 | C76: الفتح الموقف الجديد | E76: سوق الخواجات | F76: 50
A77: 9 | E77: الحاج اسامه | F77: 50
A78: 10 | E78: هير ستور | F78: 35
A79: 11 | E79: مها سنتر النيل | F79: 75+35
A80: 12 | E80: كات ليدي | F80: 35 | G80: متحول لها
A81: 13
A82: 14
A83: 15
E84: عهدة
E85: توتال | F85: 935
E86: الشغل | F86: 495
E87: القبض | F87: 370
E88: الصافي | F88: 565
A89: م | B89: التاريخ | C89: اليوم | D89: اسم المندوب | E89: اسم الراسل | F89: حساب الاوردر | G89: ملاحظات
A90: 1 | B90: 46086 | C90: الخميس | D90: ابوعمار | E90: الفتح الموقف الجديد | F90: -50وعليه مشوار 50
A91: 2 | E91: عم خالد -1000 | F91: نيهال عبدالعزيز
A92: 3 | E92: 3 الحاج اسامه طلخا و سندوب | F92: 50+45+40
A93: 4 | E93: اطعام نهال | F93: 5
A94: 5 | E94: نورا برايا 10 اطعام | F94: المسجد عبدالرحمن اي استلمه
A95: 6 | E95: الفخار نهال عبدالعزيز -800 وصله لنادي الجزيزه عليها 100
A96: 7
A97: 8
A98: 9
A99: 10
A100: 11
A101: 12
A102: 13
A103: 14
...

Sheet محمد الاسكندراني
A1: م | B1: التاريخ | C1: اليوم | D1: اسم المندوب | E1: اسم الراسل | F1: حساب الاوردر | G1: ملاحظات
A2: 1 | B2: 46100 | C2: الخميس | D2: محمد الاسكندراني | E2: شريف 50
A3: 2 | E3: نيو بيبي 80
A4: 3 | D4: . | E4: بلال فوده 50
A5: 4 | E5: لينك 100
A6: 5 | E6: طلخا للجلاء 50
A7: 6 | E7: مها سنتر النيل 420+40+120 | F7: 920
A8: 7 | E8: ام عمر 80
A9: 8 | E9: وسام 90
A10: 9 | E10: الحاج اسامه 1210+500+100
A11: 10 | E11: نيو بيبي 80+60 | F11: 120شحن
A12: 11 | E12: ام حمزه 40
A13: 12 | E13: ساره احمد ماهر 40
A14: 13
A15: 14
A16: 15
E17: عهدة
E18: توتال | F18: 4150
E19: الشغل | F19: 920
E20: القبض | F20: 690
E21: الصافي
A22: م | B22: التاريخ | C22: اليوم | D22: اسم المندوب | E22: اسم الراسل | F22: حساب الاوردر | G22: ملاحظات
A23: 1 | B23: 46104 | C23: الاثنين | D23: محمد الاسكندراني | E23: من المرور لميت حدر | F23: 40 | G23: امبارح
A24: 2 | E24: طلخا لتوريل | F24: 50 | G24: امبارح
A25: 3 | D25: . | E25: محل البان بدرة رايح عبدالسلام عارف | F25: 40
A26: 4 | E26: من النخلة لحي الجامعة | F26: 70
A27: 5 | E27: كوريان هاوس | F27: 850+50
A28: 6 | E28: عبدالسلام عارف لعوض اللله الجديد | F28: 825+40
A29: 7 | E29: التليفونات ريم الخولي من المشاية للبيت | F29: -300عليها مشوار
A30: 8 | E30: عيش من فينيسيا لنورا برايا | F30: وعليها مشوارين -150
A31: 9 | E31: من الموقف الجديد لنورا برايا | F31: -40 ابو يس وعليها مشوار
E32: عهدة | F32: 150
E33: توتال | F33: 1625
E34: الشغل | F34: 445
E35: القبض | F35: 335
E36: الصافي | F36: 1290
A38: م | B38: التاريخ | C38: اليوم | D38: اسم المندوب | E38: اسم الراسل | F38: حساب الاوردر | G38: ملاحظات
A39: 1 | B39: 46105 | C39: الثلاثاء | D39: محمد | E39: احمد ماهر | F39: 40
A40: 2 | E40: سندوب | F40: 50
A41: 3 | E41: عزبه الصفيح | F41: 50
A42: 4 | E42: ساميه الجمل نهي | F42: عليها35
A43: 5 | E43: خطاب | F43: 40
A44: 6 | E44: مجمع المحاكم | F44: 40
A45: 7 | E45: شريف | F45: 40
A46: 8 | E46: الحاج اسامه-25 | F46: 50
A47: 9
A48: 10
A49: 11
A50: 12
A51: 13
A52: 14
A53: 15
E54: عهدة | F54: 1500
E55: توتال | F55: 1785
E56: الشغل | F56: 345
E57: القبض | F57: 260
E58: الصافي | F58: 1525
A60: م | B60: التاريخ | C60: اليوم | D60: اسم المندوب | E60: اسم الراسل | F60: حساب الاوردر | G60: ملاحظات
A61: 1 | B61: 46106 | C61: الأربعاء | D61: محمد عادل | E61: الاوتبيس الجديد 40
A62: 2 | E62: الطيب 4 ب 1865 +120 شحن
A63: 3
A64: 4
A65: 5
A66: 6
A67: 7
A68: 8
A69: 9
A70: 10
A71: 11
A72: 12
A73: 13
A74: 14
A75: 15
E76: عهدة
E77: توتال | F77: 2025
E78: الشغل | F78: 160
E79: القبض | F79: 120
E80: الصافي | F80: 1905
A81: م | B81: التاريخ | C81: اليوم | D81: اسم المندوب | E81: اسم الراسل | F81: حساب الاوردر | G81: ملاحظات
A82: 1 | B82: 46107 | C82: الخميس | D82: محمد عادل | E82: ام مريم 3 ب 150+185
A83: 2 | E83: الحاج اسامه550+50
A84: 3
A85: 4
A86: 5
A87: 6
A88: 7
A89: 8
A90: 9
A91: 10
A92: 11
A93: 12
A94: 13
A95: 14
A96: 15
E97: عهدة | F97: 1905
E98: توتال | F98: 2840
E99: الشغل | F99: 200
E100: القبض | F100: 150
E101: الصافي | F101: 2690
A103: م | B103: التاريخ | C103: اليوم | D103: اسم المندوب | E103: اسم الراسل | F103: حساب الاوردر | G103: ملاحظات
...

Sheet السيد
A1: م | B1: التاريخ | C1: اليوم | D1: اسم المندوب | E1: اسم الراسل | F1: حساب الاوردر | G1: ملاحظات
A2: 1 | B2: 46082 | C2: الأحد | D2: السيد | E2: مني الخولي | F2: 35
A3: 2 | E3: نفين ايمن | F3: 30+35+35+30+30
A4: 3 | E4: نفين ايمن | F4: عليها 70
A5: 4 | E5: برايمذا 35+35
A6: 5 | E6: خاله نفين 30
A7: 6 | E7: الكفاله اسماء النجار 50
A8: 7 | E8: كفاله نوران 500 | F8: نهال عبدالعزيز
A9: 8 | E9: الدوا ايه اعشاب 500+35
A10: 9 | E10: نورا برايا -150 السواق 35
A11: 10
A12: 11
A13: 12
A14: 13
A15: 14
A16: 15
E17: عهدة
E18: توتال | F18: 1230
E19: الشغل | F19: 535
E20: القبض | F20: 400
E21: الصافي
A23: م | B23: التاريخ | C23: اليوم | D23: اسم المندوب | E23: اسم الراسل | F23: حساب الاوردر | G23: ملاحظات
A24: 1 | B24: 46083 | C24: الاثنين | D24: السيد | E24: نورا برايا | F24: المسجد حمد ماهر 30
A25: 2 | E25: فرارجي | F25: نهال عبدالعزيز ل ام حنان
A26: 3 | E26: اسماء النجار | F26: 3
A27: 4 | E27: وئام داخلي | F27: 500+35
A28: 5 | E28: جامبا العصير | F28: 240+35
A29: 6 | E29: خاله نفيتن | F29: 30
A30: 7
A31: 8
A32: 9
A33: 10
A34: 11
A35: 12
A36: 13
A37: 14
A38: 15
E39: عهدة | F39: صافي للشركه 70
E40: توتال | F40: 870
E41: الشغل | F41: 270
E42: القبض | F42: 205
E43: الصافي | F43: 665
A45: م | B45: التاريخ | C45: اليوم | D45: اسم المندوب | E45: اسم الراسل | F45: حساب الاوردر | G45: ملاحظات
A46: 1 | B46: 46084 | C46: الثلاثاء | E46: كات ليدي | F46: 35
A47: 2 | E47: مارسيليا | F47: 50
A48: 3 | E48: برايا الاستاد | F48: عليها مشوار 35
A49: 4 | E49: مركز النصر | F49: 35
A50: 5 | E50: وئام شها | F50: عليها 100 وخالص الثمن
A51: 6 | E51: الاطعام | F51: نهال عبدالعزيز 6
A52: 7
A53: 8
A54: 9
A55: 10
A56: 11
A57: 12
A58: 13
A59: 14
A60: 15
E61: عهدة
E62: توتال | F62: 120
E63: الشغل | F63: 435
E64: القبض | F64: 325
E65: الصافي
A66: م | B66: التاريخ | C66: اليوم | D66: اسم المندوب | E66: اسم الراسل | F66: حساب الاوردر | G66: ملاحظات
A67: 1 | B67: 46085 | C67: الاربعاء | E67: نورا برايا | F67: موقف الجديد دمياط -50 وعليها 50 مشوار
A68: 2 | E68: نورا برايا | F68: احمد ماهر 30
A69: 3 | E69: نورا برايا | F69: المسجد عليها 35
A70: 4 | E70: ايهاب مصاحف | F70: 50
A71: 5 | E71: شيماء سليمان | F71: شحن فقط اميره محمود 35
A72: 6 | E72: روزي | F72: عليها مشوار نشوي ساعات
A73: 7 | E73: نورا برايا | F73: عليها 35 مشوار الطميهي
A74: 8 | E74: عليا بروتين | F74: 300+35 | G74: المشوار 350 دفع 50 باقي لها 300
A75: 9 | E75: محمد الجمل فراخ جمب البيت | F75: عليه 40 توصيل
A76: 10
A77: 11 | E77: اجمالي | F77: =-50+30+50+35+335 -> 400
A78: 12 | E78: قبض | F78: =50+30+35+50+35+35+35+35+40*75/100 -> 335
A79: 13 | E79: باقي | F79: =F77-F78 -> 65
A80: 14
A81: 15
E82: عهدة
E83: توتال
E84: الشغل
E85: القبض
E86: الصافي
A88: م | B88: التاريخ | C88: اليوم | D88: اسم المندوب | E88: اسم الراسل | F88: حساب الاوردر | G88: ملاحظات
A89: 1 | B89: 46086 | C89: الخميس | D89: عم السيد | E89: مارسيليا | F89: من المصنع للترعة 50
A90: 2 | B90: 46086 | C90: الجمعة | D90: عم السيد | E90: شريف | F90: 35 من سندوب لميت حضر
A91: 3 | B91: 46086 | C91: السبت | D91: عم السيد | E91: 2 مارسيليا | F91: 100 توصيل
A92: 4 | B92: 46086 | C92: الأحد | D92: عم السيد | E92: 6 اطعام
A93: 5 | B93: 46086 | C93: الاثنين | D93: عم السيد | E93: وسام | F93: 30
A94: 6 | B94: 46086 | C94: الثلاثاء | D94: عم السيد | E94: نفين ايمن | F94: عليها مشوار 30 من محمد فتحي للشيماء
A95: 7 | B95: 46086 | C95: الأربعاء | D95: عم السيد | E95: سينيه | F95: 40 + مرتجع
A96: 8 | B96: 46086 | C96: الخميس | D96: عم السيد | E96: احمد الصعيدي | F96: 35
A97: 9
A98: 10
A99: 11 | E99: اجمالي | F99: =50+35+100+30+30+40+35 -> 320
A100: 12 | E100: قبض | F100: 375
A101: 13 | E101: باقي | F101: له 55
A102: 14
A103: 15
...

Sheet يوسف العيوطي
A2: م | B2: التاريخ | C2: اليوم | D2: اسم المندوب | E2: اسم الراسل | F2: حساب الاوردر | G2: ملاحظات
A3: 1 | B3: 46086 | C3: الخميس | D3: يوسف | E3: نورا برايا | F3: حي الجامعه | G3: 30
A4: 2 | E4: نورا برايا | F4: البطل | G4: عليها مشوار
A5: 3 | E5: الاطعام | F5: 3 | G5: نيهال عبدالعزيز
E6: عهدة420 | F6: سلف20
E7: توتال470
E8: الشغل 30
E9: القبض120
E10: الصافي350
A12: م | B12: التاريخ | C12: اليوم | D12: اسم المندوب | E12: اسم الراسل | F12: حساب الاوردر | G12: ملاحظات
A13: 1 | B13: 46087 | C13: الجمعه | D13: يوسف | E13: ميتشو | F13: 80 | G13: معاك350
A14: 2 | E14: بلبل فوده | F14: -260 و35
A15: 3 | E15: -40 عصير عبدالرحمن
A16: 4
A17: 5
A18: 6
A19: 7
A20: 8
A21: 9
A22: 10
A23: 11
A24: 12
A25: 13
A26: 14
A27: 15
E28: عهدة500+1000
E29: توتال165
E30: الشغل 115
E31: القبض85
E32: الصافي عليك 80 | G32: تمت التصفيه بمعرفه
G33: عبدالرحمن
A34: م | B34: التاريخ | C34: اليوم | D34: اسم المندوب | E34: اسم الراسل | F34: حساب الاوردر | G34: ملاحظات
A35: 1 | B35: 46088 | C35: السبت | D35: يوسف | E35: نورا برايا | F35: المسجد الاستاد | G35: عليها مشوار
A36: 2
A37: 3
A38: 4
A39: 5
A40: 6
A41: 7
A42: 8
A43: 9
A44: 10
A45: 11
A46: 12
A47: 13
... A49: 15
E50: عهدة
E51: توتال
E52: الشغل
E53: القبض
E54: الصافي
A56: م | B56: التاريخ | C56: اليوم | D56: اسم المندوب | E56: اسم الراسل | F56: حساب الاوردر | G56: ملاحظات
A57: 1 | B57: 46089 | C57: الاحد | E57: كات ليدي 1550 | F57: 35
A58: 2 | E58: الحجز دكتور | F58: سماح سلامه عليها مشوار 35
A59: 3 | E59: كت ليدي | F59: 185 بالشحن
A60: 4 | E60: محمد فكري | F60: 35
A61: 5
A62: 6
A63: 7
A64: 8
A65: 9
A66: 10
A67: 11
A68: 12
A69: 13
A70: 14
A71: 15
E72: عهدة
E73: توتال | F73: 1805
E74: الشغل | F74: 140
E75: القبض | F75: 105
E76: الصافي
A78: م | B78: التاريخ | C78: اليوم | D78: اسم المندوب | E78: اسم الراسل | F78: حساب الاوردر | G78: ملاحظات
A79: 1 | B79: 46090 | D79: يوسف | E79: نورا برايا | F79: البوسطه
A80: 2 | E80: هاله | F80: 2
A81: 3
A82: 4
A83: 5
A84: 6
A85: 7
A86: 8
A87: 9
A88: 10
A89: 11
A90: 12
A91: 13
A92: 14
A93: 15
E94: عهدة
E95: توتال
E96: الشغل
E97: القبض
E98: الصافي
A100: م | B100: التاريخ | D100: اسم المندوب | E100: اسم الراسل | F100: حساب الاوردر | G100: ملاحظات
A101: 1 | B101: 46091 | C101: الثلاثاء | D101: يوسف | E101: شريف | F101: 40
A102: 2 | E102: ام مليكه | F102: 70
A103: 3 | E103: توزيع نيهال عبدالعزيز | F103: علاء ومصباح وام سلمي
A104: 4
A105: 5 | E105: 2 نيو بابي ليهم 405 | F105: 475 بالتوصيل | G105: متحول انستا لعبدو 405 اوردرات و70 توصيل
A106: 6 | E106: مشتريات ثقه بتوع بورسعيد | F106: -65-270
...

Sheet ابو مكه 
B7: 46083 | E7: مشعل | F7: اشيكولاته | G7: نهال عبدالعزيز
E8: نهال عبدالعزيز | F8: بيلا -30
E9: نورا برايا | F9: موقف اسكندريه -150 | G9: 70
E10: نورا برايا | F10: المفتاح الموقف الجديد | G10: 50
E13: توتال 200
E14: شغل 200
E15: قبض 150
A24: م | B24: التاريخ | C24: اليوم | D24: اسم المندوب | E24: اسم الراسل | F24: حساب الاوردر | G24: ملاحظات
A25: 1 | B25: 46085 | C25: الأربعاء | D25: ابومكه | E25: رانيا حسين | F25: سلكا | G25: 500+100
A26: 2 | E26: براميذا | F26: 35
A27: 3 | E27: شريف نظارات | F27: 35
A28: 4 | E28: ادهم القعقاع | F28: هيحول 50
A29: 5
A30: 6 | E30: نورا برايا الحل القافل | F30: عليها مشوار
A31: 7
A32: 8
A33: 9
A34: 10 | E34: ايمان موافي | F34: 35
A35: 11 | E35: نورا برايا | F35: عليها 50 | G35: من الطميهي للبيت عنها
A36: 12 | E36: الساعي للدراسات | F36: 35 | G36: وعليه مشوار رجوع
A37: 13 | E37: مها سنتر النيل | F37: 35+1885
A38: 14
A39: 15
E40: عهدة | F40: حول 450
E41: توتال | F41: 2210
C42: 670 | E42: الشغل | F42: 410
C43: 220+ | E43: القبض | F43: 305
E44: الصافي
A46: م | B46: التاريخ | C46: اليوم | D46: اسم المندوب | E46: اسم الراسل | F46: حساب الاوردر | G46: ملاحظات
A47: 1 | B47: 46086 | C47: الخميس | E47: نورين مصطفي | F47: عليها 35
A48: 2 | E48: ايمان السلام | F48: 3 | G48: 105
A49: 3 | E49: سارة اسماعيل
A50: 4 | E50: أخت احمد الشرقاوي
A51: 5
A52: 6
A53: 7
A54: 8
A55: 9
A56: 10
A57: 11
A58: 12
A59: 13
A60: 14
A61: 15
E62: عهدة
E63: توتال
E64: الشغل
E65: القبض
E66: الصافي
A68: م | B68: التاريخ | C68: اليوم | D68: اسم المندوب | E68: اسم الراسل | F68: حساب الاوردر | G68: ملاحظات
A69: 1 | B69: 46093 | C69: الاربعاء | D69: محمد هشام الحمار | E69: سينيه | F69: 40
A70: 2 | E70: نورا برايا | F70: ل معاذ الدجامع ابنها
A71: 3 | E71: سندوب الحاج اسامه | F71: 40+500 | G71: الحاج اسامه 500
A72: 4 | E72: مبارك | F72: ساميه الجمل 35
A73: 5
A74: 6
A75: 7
A76: 8
A77: 9
A78: 10
A79: 11
A80: 12
A81: 13
A82: 14
A83: 15
F85: 615
F86: 150
F87: 115
F88: صافي 500
A91: م | B91: التاريخ | C91: اليوم | D91: اسم المندوب | E91: اسم الراسل | F91: حساب الاوردر | G91: ملاحظات
A92: 1 | B92: 46090 | C92: الإثنين
A93: 2
A94: 3
A95: 4
A96: 5
A97: 6
A98: 7
A99: 8
A100: 9
A101: 10
A102: 11
A103: 12
A104: 13
... A106: 15
E107: عهدة
E108: توتال
E109: الشغل
E110: القبض
E111: الصافي
A113: م | B113: التاريخ | C113: اليوم | D113: اسم المندوب | E113: اسم الراسل | F113: حساب الاوردر | G113: ملاحظات
A114: 1 | B114: 46091 | C114: الثلاثاء
A115: 2
A116: 3
A117: 4
A118: 5
A119: 6
A120: 7
A121: 8
A122: 9
A123: 10
...

Sheet عبدالرحمن جاد 
A1: حسابات شهر ( 4 )
A2: م | B2: التاريخ | C2: اليوم | D2: اسم المندوب | E2: اسم الراسل | F2: حساب الاوردر | G2: ملاحظات
A3: 1 | B3: 46089 | C3: الأحد | E3: لينك | F3: 35
A4: 2 | E4: 3 اطعام
A5: 3 | E5: من مبارك لمطعم مارشال | F5: 40
A6: 4 | E6: اسماء النجار | F6: 50
E7: عهدة | F7: 0
E8: توتال | F8: 125
E9: الشغل
E10: القبض
E11: الصافي

Sheet نيهال عبدالعزيز
D1: بيانات العميل شهر 2 | K1: طريقة الدفع | O1: حساب الأوردر
A2: م | B2: التاريخ | C2: اسم المندوب | D2: اسم الراسل | E2: بيان الاوردر | F2: تليفون | G2: عنوان | H2: اسم المرسل اليه | I2: التليفون | J2: العنوان | K2: ف / كاش | L2: انستا | M2: نقدي | N2: أجل | O2: تمنه | P2: تم السداد | Q2: توصيل2 | R2: حساب المندوب | S2: صافي الشركة
B3: 46054 | C3: خالد | D3: نهال عبدالعزيز | E3: فانوس | G3: شونه سندوب | H3: طفله57357 | O3: 775 | Q3: 35
B4: 46054 | E4: سحب فلوس خالد | N4: 35
B5: 46054 | E5: تروسيكل عم مسعد | M5: 300 | O5: 70
E6: ظرف د.امال | R6: ف المكتب
E7: استيكر نهال 2مشوار
A10: م | B10: التاريخ | C10: اسم المندوب | D10: اسم الراسل | E10: بيان الاوردر | F10: تليفون | G10: عنوان | H10: اسم المرسل اليه | I10: التليفون | J10: العنوان | K10: ف / كاش | L10: انستا | M10: نقدي | N10: أجل | O10: تمنه | P10: تم السداد | Q10: توصيل2 | R10: حساب المندوب | S10: صافي الشركة
B11: 46055 | D11: نهال عبدالعزيز | E11: شاحن انكر
B12: 46055 | E12: الاطعام
B13: 46055 | E13: سكر السيد
B14: 46055 | E14: سكر عبود
B15: 46055 | E15: سكر خالد
A19: م | B19: التاريخ | C19: اسم المندوب | D19: اسم الراسل | E19: بيان الاوردر | F19: تليفون | G19: عنوان | H19: اسم المرسل اليه | I19: التليفون | J19: العنوان | K19: ف / كاش | L19: انستا | M19: نقدي | N19: أجل | O19: تمنه | P19: تم السداد | Q19: توصيل2 | R19: حساب المندوب | S19: صافي الشركة
B20: 46056 | D20: نهال عبدالعزيز 3/2/2026 | E20: ادايدس
B21: 46056 | E21: ظرف كيك بوب
B22: 46056 | E22: ظرف لابريل
B23: 46056 | E23: ظرف الاسيوطي
B24: 46056 | E24: ظرف ساميه الجممل
B25: 46056 | E25: ظرف توريل
B26: 46056 | E26: سكر ش محمد\ فتحي 4 ك | F26: ام اسلام
A29: م | B29: التاريخ | C29: اسم المندوب | D29: اسم الراسل | E29: بيان الاوردر | F29: تليفون | G29: عنوان | H29: اسم المرسل اليه | I29: التليفون | J29: العنوان | K29: ف / كاش | L29: انستا | M29: نقدي | N29: أجل | O29: تمنه | P29: تم السداد | Q29: توصيل2 | R29: حساب المندوب | S29: صافي الشركة
B30: 46057 | D30: نهال عبدالعزيز4/2/2026 | E30: كفاله رحاب 3000
B31: 46057 | E31: كفاله عم طارق 1000
B32: 46057 | E32: كفاله محمد رمزي 1000
B33: 46057 | E33: فاتن ش عشر1500 | L33: 46058
B34: 46057 | E34: ظرف ساعه1.5
B35: 46057 | E35: ظرف الجلاء c&b
B36: 46057 | E36: ظرف مبارك
B37: 46057 | E37: عم خالد 1000
A39: م | B39: التاريخ | C39: اسم المندوب | D39: اسم الراسل | E39: بيان الاوردر | F39: تليفون | G39: عنوان | H39: اسم المرسل اليه | I39: التليفون | J39: العنوان | K39: ف / كاش | L39: انستا | M39: نقدي | N39: أجل | O39: تمنه | P39: تم السداد | Q39: توصيل2 | R39: حساب المندوب | S39: صافي الشركة
B40: 46058 | D40: نهال عبدالعزيز
B41: 46058 | D41: كفاله1000علاء | H41: يوم5
D42: اوردر ارامكس35
A49: م | B49: التاريخ | C49: اسم المندوب | D49: اسم الراسل | E49: بيان الاوردر | F49: تليفون | G49: عنوان | H49: اسم المرسل اليه | I49: التليفون | J49: العنوان | K49: ف / كاش | L49: انستا | M49: نقدي | N49: أجل | O49: تمنه | P49: تم السداد | Q49: توصيل2 | R49: حساب المندوب | S49: صافي الشركة
D50: نهال عبدالعزيز | H50: يوم6
A59: م | B59: التاريخ | C59: اسم المندوب | D59: اسم الراسل | E59: بيان الاوردر | F59: تليفون | G59: عنوان | H59: اسم المرسل اليه | I59: التليفون | J59: العنوان | K59: ف / كاش | L59: انستا | M59: نقدي | N59: أجل | O59: تمنه | P59: تم السداد | Q59: توصيل2 | R59: حساب المندوب | S59: صافي الشركة
D60: نهال عبدالعزيز
H61: يوم7
A69: م | B69: التاريخ | C69: اسم المندوب | D69: اسم الراسل | E69: بيان الاوردر | F69: تليفون | G69: عنوان | H69: اسم المرسل اليه | I69: التليفون | J69: العنوان | K69: ف / كاش | L69: انستا | M69: نقدي | N69: أجل | O69: تمنه | P69: تم السداد | Q69: توصيل2 | R69: حساب المندوب | S69: صافي الشركة
D70: نهال عبدالعزيز
H72: يوم8
A79: م | B79: التاريخ | C79: اسم المندوب | D79: اسم الراسل | E79: بيان الاوردر | F79: تليفون | G79: عنوان | H79: اسم المرسل اليه | I79: التليفون | J79: العنوان | K79: ف / كاش | L79: انستا | M79: نقدي | N79: أجل | O79: تمنه | P79: تم السداد | Q79: توصيل2 | R79: حساب المندوب | S79: صافي الشركة
D80: نهال عبدالعزيز
H81: يوم9
A89: م | B89: التاريخ | C89: اسم المندوب | D89: اسم الراسل | E89: بيان الاوردر | F89: تليفون | G89: عنوان | H89: اسم المرسل اليه | I89: التليفون | J89: العنوان | K89: ف / كاش | L89: انستا | M89: نقدي | N89: أجل | O89: تمنه | P89: تم السداد | Q89: توصيل2 | R89: حساب المندوب | S89: صافي الشركة
B90: 46063 | C90: خالد | D90: نهال عبدالعزيز | E90: اكل الحضانه
E91: البراق | F91: -180
E92: ادايديس | F92: من نهال لاسراء
E93: طرح بحر 250 | F93: الطيبه | J93: يوم10
C94: عبود | E94: هدوم | F94: من المكتب لبيتها
E95: 3مشوار سمر للمخزن | F95: 120
E96: هديه ريم الخولي | F96: 35
E97: شيف عزه | F97: 35
E98: سحب كاش | F98: -35
E99: وا اخت احمد | F99: لطلخا
E100: معمل ميدلاب | F100: للبيت
E102: معطر ارضيات | F102: بيتها | H102: نهال عبدالعزيز
E103: معطر ارضيات | F103: الحضانه | H103: نهال عبدالعزيز
E104: فستان | F104: ساميه الجمل
A107: م | B107: التاريخ | C107: اسم المندوب | D107: اسم الراسل | E107: بيان الاوردر | F107: تليفون | G107: عنوان | H107: اسم المرسل اليه | I107: التليفون | J107: العنوان | K107: ف / كاش | L107: انستا | M107: نقدي | N107: أجل | O107: تمنه | P107: تم السداد | Q107: توصيل2 | R107: حساب المندوب | S107: صافي الشركة
D108: نهال عبدالعزيز | J108: يوم11
C109: خالد | D109: نهال عبدالعزيز | E109: ل ولاء الزبده
A110: عمود1 | B110: عمود2 | C110: عمود3 | D110: عمود4 | E110: عمود5 | F110: عمود6 | G110: عمود7 | H110: عمود8 | I110: عمود9 | J110: عمود10 | K110: عمود11 | L110: عمود12 | M110: عمود13 | N110: عمود14 | O110: عمود15 | P110: عمود16 | Q110: عمود17 | R110: عمود18 | S110: عمود19
D111: شحن روزي كاش100ج
D112: روزي لمبارك
D113: كرسي نهال
D114: البطه نهال
A119: م | B119: التاريخ | C119: اسم المندوب | D119: اسم الراسل | E119: بيان الاوردر | F119: تليفون | G119: عنوان | H119: اسم المرسل اليه | I119: التليفون | J119: العنوان | K119: ف / كاش | L119: انستا | M119: نقدي | N119: أجل | O119: تمنه | P119: تم السداد | Q119: توصيل2 | R119: حساب المندوب | S119: صافي الشركة
D120: نهال عبدالعزيز | E120: الاطعام
D121: بيض اورجانيك-480 | J121: يوم12
B129: 46066 | D129: نيهال عبد العزيز
D130: توزيع شنط عبدالرحمن 7
D131: مقشه 70
D132: خالد 2وابو عمار 2
D133: روزي 100ج
D134: مشوارين ل نهي رايح جاي
A140: م | B140: التاريخ | C140: اسم المندوب | D140: اسم الراسل | E140: بيان الاوردر | F140: تليفون | G140: عنوان | H140: اسم المرسل اليه | I140: التليفون | J140: العنوان | K140: ف / كاش | L140: انستا | M140: نقدي | N140: أجل | O140: تمنه | P140: تم السداد | Q140: توصيل2 | R140: حساب المندوب | S140: صافي الشركة
B141: 46067 | D141: نهال عبد العزيز
E142: لحمه ريهام ل البيت
E143: 3 مشاوير كبار لتوزيع | F143: مش هنقول اسمها | G143: العبور والنخله وجديله
E144: البراق
E145: سحب الفلوس
E146: حنان الرفاعي
E147: البصل ام محمد
E148: توزيع 15 شنطه رمضان
E149: الفرخه 415

Sheet إبراهيم الدوكش
A1: حسابات شهر ( 3 )
A2: م | B2: التاريخ | C2: اليوم | D2: اسم المندوب | E2: اسم الراسل | F2: حساب الاوردر | G2: ملاحظات
A3: 1 | B3: 46089 | C3: الأحد | D3: ابراهيم | E3: بوسعيد ام يوسعيد | F3: 40 | G3: اول يوم شغل
A4: 2 | E4: حنان | F4: =35 -> 35
A5: 3 | E5: مها سنتر النيل | F5: 30+180
A6: 4 | E6: الحاج اسامه | F6: 50+500
A7: 5 | E7: امل رضا | F7: 35
A8: 6 | E8: سينيه | F8: 35
A9: 7 | E9: توريل | F9: 30
A10: 8 | E10: الجلاء لمحمد فتحي | F10: 30
A11: 9 | E11: د.نورا برايا | F11: الطعميه واللبن والعيش والبطاطس | G11: -220وعليها 2 مشوار 70
A12: 10 | E12: اسماء النجار | F12: 50
A13: 11
A14: 12
A15: 13
A16: 14
A17: 15
E18: عهدة | F18: 500
E19: توتال | F19: 1295
E20: الشغل | F20: 405
E21: القبض | F21: 305
E22: الصافي | F22: 990 | G22: تمت التصفيه بمعرفه عبدالرحمن
A25: م | B25: التاريخ | C25: اليوم | D25: اسم المندوب | E25: اسم الراسل | F25: حساب الاوردر | G25: ملاحظات
A26: 1 | B26: 46090 | C26: الإثنين | E26: محمد الساعي | F26: 35
A27: 2 | E27: ابو النجا | F27: 70
A28: 3 | E28: ابرار | F28: 35
A29: 4 | E29: ام مليكه | F29: 40
A30: 5 | E30: سماح سلامه | F30: 50
A31: 6 | E31: حسن عبدالحفيظ | F31: 30
A32: 7 | E32: ابراهيم لينك | F32: 40
A33: 8 | E33: أ.نهال عبد العزيز | F33: عليها30 | G33: 2 كيس من سمر المرسي من المكتب
A34: 9
A35: 10
A36: 11
A37: 12
A38: 13
A39: 14
A40: 15 | G40: تمت التصفيه بمعرفه خالد
E41: عهدة
E42: توتال | F42: 300
E43: الشغل | F43: 330
E44: القبض | F44: 245
E45: الصافي | F45: 85
A47: م | B47: التاريخ | C47: اليوم | D47: اسم المندوب | E47: اسم الراسل | F47: حساب الاوردر | G47: ملاحظات
A48: 1 | B48: 46091 | C48: الثلاثاء | E48: عزبه عقل | F48: 35
A49: 2 | E49: 5 وحبات شيماء عبدالعزيز | F49: عليها40
A50: 3 | E50: ساميه الجمل | F50: 30
A51: 4 | E51: شيماء عبدالعزيز | F51: 50
A52: 5 | E52: الاتوبيس القديم | F52: 35
A53: 6 | E53: نهال عبدالعزيز موني بلاط | F53: عليها35
A54: 7 | E54: هدير قناه السويس | F54: عليها50
A55: 8 | E55: نور حمزه | F55: 50+35
A56: 9 | E56: شيماء سليمان | F56: 200+35+425+35
A57: 10 | F57: -30عبده
A58: 11
A59: 12
A60: 13
A61: 14
A62: 15
E63: عهدة
E64: توتال | F64: 900
E65: الشغل | F65: 430
E66: القبض | F66: 325
E67: الصافي | F67: مع خالد575
F68: تمت التصفيه بمعرفه عمر البربري | G68: تمت التصفيه بمعرفه خالد
A69: م | B69: التاريخ | C69: اليوم | D69: اسم المندوب | E69: اسم الراسل | F69: حساب الاوردر | G69: ملاحظات
A70: 1 | B70: 46092 | C70: الأربعاء | E70: شيماء سليمان | F70: 325+40
A71: 2 | E71: المهندس | F71: هيحول
A72: 3 | E72: مني موسي | F72: 40
A73: 4 | E73: يارا عاطف | F73: 115+45
A74: 5 | E74: المجزر ل السلام | F74: 40
E75: عهدة | F75: 200 | G75: ئ
E76: توتال | F76: 605
E77: الشغل | F77: 200
E78: القبض | F78: 150
E79: الصافي | F79: 455

Sheet يوسف الصغير
A1: حسابات شهر ( 3 )
A2: م | B2: التاريخ | C2: اليوم | D2: اسم المندوب | E2: اسم الراسل | F2: حساب الاوردر | G2: ملاحظات
A3: 1 | B3: 46089 | C3: الأحد | E3: عمل 3 اوردرات ب 105 واخدتهم منه
A4: 2 | E4: اشتغل 3 ايام
A5: 3 | E5: من بكره اليوم الرابع
A6: 4
A7: 5
A8: 6
A9: 7
A10: 8
A11: 9
A12: 10
A13: 11
A14: 12
A15: 13
A16: 14
A17: 15
E18: عهدة
E19: توتال
E20: الشغل
E21: القبض
E22: الصافي
A25: م | B25: التاريخ | C25: اليوم | D25: اسم المندوب | E25: اسم الراسل | F25: حساب الاوردر | G25: ملاحظات
A26: 1 | B26: 46090 | C26: الإثنين
A27: 2
A28: 3
A29: 4
A30: 5
A31: 6
A32: 7
A33: 8
A34: 9
A35: 10
A36: 11
A37: 12
A38: 13
... A40: 15
E41: عهدة
E42: توتال
E43: الشغل
E44: القبض
E45: الصافي
A47: م | B47: التاريخ | C47: اليوم | D47: اسم المندوب | E47: اسم الراسل | F47: حساب الاوردر | G47: ملاحظات
A48: 1 | B48: 46091 | C48: الثلاثاء
A49: 2
A50: 3
A51: 4
A52: 5
A53: 6
A54: 7
A55: 8
A56: 9
A57: 10
A58: 11
A59: 12
A60: 13
... A62: 15
E63: عهدة
E64: توتال
E65: الشغل
E66: القبض
E67: الصافي
A69: م | B69: التاريخ | C69: اليوم | D69: اسم المندوب | E69: اسم الراسل | F69: حساب الاوردر | G69: ملاحظات
A70: 1 | B70: 46092 | C70: الأربعاء
A71: 2
A72: 3
A73: 4
A74: 5
A75: 6
A76: 7
A77: 8
A78: 9
A79: 10
A80: 11
A81: 12
A82: 13
... A84: 15
E85: عهدة
E86: توتال
E87: الشغل
E88: القبض
E89: الصافي
A91: م | B91: التاريخ | C91: اليوم | D91: اسم المندوب | E91: اسم الراسل | F91: حساب الاوردر | G91: ملاحظات
A92: 1 | B92: 46093 | C92: الخميس
A93: 2
A94: 3
A95: 4
A96: 5
A97: 6
A98: 7
A99: 8
A100: 9
A101: 10
A102: 11
A103: 12
A104: 13
... A106: 15
E107: عهدة
E108: توتال
E109: الشغل
...

Sheet تجميعه لاكتر من مندوب
A1: م | B1: التاريخ | C1: اسم المندوب | D1: اسم الراسل | E1: تليفون | F1: عنوان | G1: اسم المرسل اليه | H1: التليفون | I1: العنوان | J1: ف / كاش | K1: انستا | L1: نقدي | M1: أجل | N1: تمنه | O1: تم السداد | P1: توصيل2 | Q1: حساب المندوب | R1: صافي الشركة | S1: حاله الاوردر
B2: 46060
C3: عمر العايق | D3: شيماء صبحي | E3: 1090771073 | F3: عزبه الشال | I3: 35فقط
C4: عمرو العايق | D4: سالي عاجل | E4: 1000703776 | F4: الاوتبيس الجديد | I4: 350+35
C5: عبود | D5: روشا يوسف | F5: جديله البحر | I5: 140+35 | S5: لا ترد
C6: عبود | D6: دينا علي | F6: احمد ماهر | I6: 650+35 | S6: بكرا
C7: عبود | D7: نرمين مجدي | F7: الاوتبيس قديم | I7: شحن فقط | S7: تم التسليم
B8: ب | C8: عبود | D8: د.نهال | F8: جديله رخام | I8: 135+35+ | S8: ليست موجوده
C9: خالد | D9: بوسي الزيني | F9: المطافي | I9: 200+35 | S9: بكرا
C10: خالد | D10: عبير إبراهيم | F10: النخله | I10: 1050+35 | S10: تم التسليم
C11: خالد | D11: بدون | F11: الجلاء | I11: شحن فقط | S11: تم التسليم
C12: خالد | D12: جاسمين | F12: احمد ماهر | I12: 350+35 | S12: تم التسليم
C13: خالد | D13: ساره محمد | F13: احمد ماهر | I13: 260+35 | K13: تم 260 | S13: تم التسليم
C14: خالد | D14: حنين متولي | F14: ساميه الجمل | I14: 150+35 | S14: بكرا
C15: خالد | D15: ايمان جمال | F15: السلخانه | I15: 550+35 | L15: 410+مرتجع | S15: تم التسليم
C16: أبو عمار | D16: أسماء الشوربجي | F16: الدرسات | I16: 280+35 | S16: لا ترد
C17: أبو عمار | D17: سمر سويلم | F17: توريل | I17: 430+35 | S17: بكرا
C18: أبو عمار | D18: عبير عادل | F18: بدون | I18: 1385+35 | S18: تم التسليم
C20: أبو عمار | D20: ايمان سامي | F20: مجمعالمحاكم | I20: 400+35 | N20: 150+مرتجع | S20: تم التسليم
C21: أبو عمار | D21: سولا سعد | F21: خطاب | I21: 250+35 | S21: تم التسليم
C22: بدون | D22: سميه الهلالي | F22: ساميه الجمل | G22: بكره
A24: ماني
A25: م | B25: التاريخ | C25: اسم المندوب | D25: اسم الراسل | E25: تليفون | F25: عنوان | G25: اسم المرسل اليه | H25: التليفون | I25: العنوان | J25: ف / كاش | K25: انستا | L25: نقدي | M25: أجل | N25: تمنه | O25: تم السداد | P25: توصيل2 | Q25: حساب المندوب | R25: صافي الشركة | S25: عجوزات / خصومات | T25: له
A26: 1 | B26: 46054 | D26: كات ليدي | N26: 500 | O26: لا | P26: 35 | S26: ماني عليه 30 | T26: 270 ماني
A27: 2 | B27: 46054 | D27: ماني | F27: الصدر | I27: الموقف الجديد | P27: 40 | S27: باقي حق مشوار طلخا
A28: 3 | B28: 46054 | H28: توتال 785 | I28: توتال شغال 355
A29: 4 | B29: 46054 | I29: قبض265
A30: 5
A31: 6
A32: 7
A33: 8
A34: 9
A35: 10
D36: عهدة
D37: توتال | E37: 785
D38: الشغل | E38: 355
D39: صافي | E39: 265
A40: م | B40: التاريخ | C40: اسم المندوب | D40: اسم الراسل | E40: تليفون | F40: عنوان | G40: اسم المرسل اليه | H40: التليفون | I40: العنوان | J40: ف / كاش | K40: انستا | L40: نقدي | M40: أجل | N40: تمنه | O40: تم السداد | P40: توصيل2 | Q40: حساب المندوب | R40: صافي الشركة | S40: عجوزات / خصومات | T40: له
C41: ابو يونس | D41: نهال عبدالعزيز | G41: ظرف نور موسي | I41: وادايدس
D42: نهال عبدالعزيز | G42: ادايدس
